accumulated_eval_time,accumulated_logging_time,accumulated_submission_time,global_step,preemption_count,score,test/loss,test/num_examples,total_duration,train/loss,validation/loss,validation/num_examples
712.1147842407227,0.0,5.671234369277954,1,0,5.671234369277954,0.3107798851254111,95000000,718.0908329486847,0.3093638868634916,0.3102382117170191,83274637
1314.8941950798037,0.027956485748291,904.9263045787812,1274,0,904.9263045787812,0.1281206474621421,95000000,2221.321459293365,0.1266577269246363,0.1257439830361633,83274637
1912.3656837940216,0.0502488613128662,1804.3105506896973,2555,0,1804.3105506896973,0.1276813277781436,95000000,3719.348598003388,0.1216724648376911,0.1252087743724047,83274637
2498.8060417175293,0.0719490051269531,2704.1128373146057,3852,0,2704.1128373146057,0.1270659065880223,95000000,5206.767465829849,0.1252740359518013,0.1246606258419471,83274637
3089.76054430008,0.0945229530334472,3603.5890941619873,5136,0,3603.5890941619873,0.1267300457969264,95000000,6698.341847658157,0.1241070417091913,0.1243776730502631,83274637
3683.715770721436,0.1171603202819824,4502.753391981125,6422,0,4502.753391981125,0.1266048420534234,95000000,8192.62534570694,0.1213125426474022,0.1242558216334444,83274637
4283.297714471817,0.1427416801452636,5402.187445640564,7708,0,5402.187445640564,0.1262335115505419,95000000,9692.763566493988,0.1230226830882941,0.1239131305375698,83274637
4871.108832836151,0.1640071868896484,6301.767334222794,8994,0,6301.767334222794,0.1260527641435322,95000000,11181.281948328018,0.1218095793809372,0.123753918706644,83274637
5437.9040060043335,0.1854541301727295,7201.232978343964,10268,0,7201.232978343964,0.1258972103903921,95000000,12648.660852432251,0.1222692706835455,0.12362841297339298,83274637
